시도코드,일,시도,합계,경로,국가유공자,어린이,외국인,일반인,장애인,청소년,,시도코드,일,시도,합계,경로,국가유공자,어린이,외국인,일반인,장애인,청소년
합계,,,"129,559,185","14,451,821","260,027","2,261,454","232,195","101,188,423","2,385,283","8,779,982",,합계,,,"150,767,882","16,309,086","299,999","2,329,199","258,424","118,242,042","2,744,493","10,584,639"
11,2024-10-01(화),서울특별시,"2,808,092","342,552","5,088","44,158","12,891","2,228,118","73,762","101,523",,11,2024-10-17(목),서울특별시,"4,137,655","455,626","7,191","31,765","13,965","3,358,121","105,825","165,162"
,2024-10-02(수),서울특별시,"4,157,443","445,922","7,133","36,375","14,101","3,369,325","106,506","178,081",,,2024-10-18(금),서울특별시,"4,115,788","415,679","6,536","32,142","15,558","3,364,929","99,745","181,199"
,2024-10-03(목),서울특별시,"2,817,209","352,319","4,785","52,024","15,643","2,214,058","73,825","104,555",,,2024-10-19(토),서울특별시,"3,323,470","394,725","5,457","52,887","17,167","2,635,349","84,952","132,933"
,2024-10-04(금),서울특별시,"4,048,939","447,384","7,099","50,820","16,811","3,260,772","105,075","160,978",,,2024-10-20(일),서울특별시,"2,729,662","332,257","4,414","40,546","15,220","2,150,432","71,332","115,461"
,2024-10-05(토),서울특별시,"3,414,017","388,400","5,519","63,745","17,406","2,719,965","84,229","134,753",,,2024-10-21(월),서울특별시,"4,032,375","447,221","7,227","29,611","13,843","3,267,815","105,674","160,984"
,2024-10-06(일),서울특별시,"2,568,421","302,479","3,982","37,388","13,415","2,041,100","65,929","104,128",,,2024-10-22(화),서울특별시,"3,979,137","405,160","6,562","29,607","13,822","3,261,601","96,669","165,716"
,2024-10-07(월),서울특별시,"4,038,094","445,708","7,148","30,478","11,399","3,269,815","105,282","168,264",,,2024-10-23(수),서울특별시,"4,105,227","447,075","7,128","31,615","13,900","3,331,675","105,541","168,293"
,2024-10-08(화),서울특별시,"4,196,505","457,133","7,244","33,817","10,956","3,404,142","106,959","176,254",,,2024-10-24(목),서울특별시,"4,135,591","452,916","7,113","31,212","14,470","3,360,843","105,792","163,245"
,2024-10-09(수),서울특별시,"2,782,306","364,369","4,849","47,567","11,341","2,176,489","76,411","101,280",,,2024-10-25(금),서울특별시,"4,297,625","468,852","7,417","35,304","15,717","3,480,731","109,317","180,287"
,2024-10-10(목),서울특별시,"4,113,558","453,254","7,157","31,294","12,075","3,334,400","106,370","169,008",,,2024-10-26(토),서울특별시,"3,441,684","403,224","5,631","57,109","16,897","2,735,519","85,858","137,446"
,2024-10-11(금),서울특별시,"4,271,119","459,482","7,292","35,939","13,895","3,459,573","108,045","186,893",,,2024-10-27(일),서울특별시,"2,778,445","342,386","4,433","42,688","15,527","2,186,403","71,542","115,466"
,2024-10-12(토),서울특별시,"3,373,090","395,908","5,520","55,787","16,508","2,682,632","85,304","131,431",,,2024-10-28(월),서울특별시,"4,047,098","448,790","7,294","29,890","13,386","3,282,155","104,988","160,595"
,2024-10-13(일),서울특별시,"2,697,802","324,586","4,309","40,252","16,069","2,131,547","69,176","111,863",,,2024-10-29(화),서울특별시,"4,101,142","452,911","7,276","30,543","12,734","3,329,730","104,689","163,259"
,2024-10-14(월),서울특별시,"4,030,490","440,449","7,034","29,818","13,924","3,267,261","103,535","168,469",,,2024-10-30(수),서울특별시,"4,152,161","457,279","7,265","31,930","13,076","3,364,712","106,736","171,163"
26,2024-10-01(화),부산광역시,"767,010","127,107","2,247","21,287",63,"564,990","12,520","38,796",,,2024-10-31(목),서울특별시,"4,175,083","451,679","7,171","30,910","13,381","3,401,623","105,653","164,666"
,2024-10-02(수),부산광역시,"1,055,016","163,110","2,973","22,304",73,"780,468","17,232","68,856",,26,2024-10-17(목),부산광역시,"1,018,908","162,924","2,902","20,483",79,"749,449","16,939","66,132"
,2024-10-03(목),부산광역시,"681,834","112,653","1,905","16,145",84,"504,775","10,688","35,584",,,2024-10-18(금),부산광역시,"1,012,300","152,504","2,790","20,148",65,"751,079","16,383","69,331"
,2024-10-04(금),부산광역시,"1,069,387","163,609","3,047","22,448",88,"802,928","17,213","60,054",,,2024-10-19(토),부산광역시,"818,966","127,121","2,255","21,828",56,"610,548","12,866","44,292"
,2024-10-05(토),부산광역시,"902,408","138,306","2,429","24,556",150,"678,488","13,981","44,498",,,2024-10-20(일),부산광역시,"653,566","107,909","1,911","17,200",102,"478,053","10,781","37,610"
,2024-10-06(일),부산광역시,"647,128","101,698","1,775","14,597",60,"486,023","10,180","32,795",,,2024-10-21(월),부산광역시,"982,567","158,061","2,921","19,946",20,"719,846","16,811","64,962"
,2024-10-07(월),부산광역시,"986,374","152,214","2,867","19,424",85,"730,021","16,124","65,639",,,2024-10-22(화),부산광역시,"879,338","121,235","2,281","18,430",56,"661,002","13,441","62,893"
,2024-10-08(화),부산광역시,"1,053,799","166,124","3,031","21,310",51,"776,722","17,574","68,987",,,2024-10-23(수),부산광역시,"1,019,260","166,108","3,000","21,097",116,"745,547","17,511","65,881"
,2024-10-09(수),부산광역시,"717,929","126,674","2,139","20,372",76,"521,372","12,213","35,083",,,2024-10-24(목),부산광역시,"1,015,988","160,820","2,975","20,637",65,"749,287","16,965","65,239"
,2024-10-10(목),부산광역시,"1,021,897","161,733","3,007","20,700",92,"752,816","17,087","66,462",,,2024-10-25(금),부산광역시,"1,074,814","168,025","3,102","22,539",66,"793,274","17,538","70,270"
,2024-10-11(금),부산광역시,"1,067,186","163,284","3,033","22,491",77,"786,687","17,228","74,386",,,2024-10-26(토),부산광역시,"892,930","140,026","2,448","25,421",108,"661,430","13,899","49,598"
,2024-10-12(토),부산광역시,"884,420","141,928","2,453","25,540",55,"653,312","14,030","47,102",,,2024-10-27(일),부산광역시,"657,526","109,667","1,901","15,707",63,"482,427","10,675","37,086"
,2024-10-13(일),부산광역시,"679,674","114,698","1,960","17,862",104,"496,509","11,201","37,340",,,2024-10-28(월),부산광역시,"980,157","156,648","2,891","19,133",45,"721,730","16,288","63,422"
,2024-10-14(월),부산광역시,"971,818","153,322","2,853","19,353",79,"715,854","16,296","64,061",,,2024-10-29(화),부산광역시,"1,000,483","160,154","2,942","20,346",48,"736,980","16,830","63,183"
27,2024-10-01(화),대구광역시,"331,980","66,661",840,"21,288",0,"230,231","3,888","9,072",,,2024-10-30(수),부산광역시,"1,011,583","160,421","2,992","21,150",57,"744,323","17,020","65,620"
,2024-10-02(수),대구광역시,"476,844","84,420","1,126","46,616",0,"328,564","5,358","10,760",,,2024-10-31(목),부산광역시,"1,011,314","156,793","2,944","20,073",66,"749,723","16,769","64,946"
,2024-10-03(목),대구광역시,"297,933","61,288",768,"20,098",0,"204,448","3,420","7,911",,27,2024-10-17(목),대구광역시,"457,925","84,524","1,145","41,660",0,"315,860","5,400","9,336"
,2024-10-04(금),대구광역시,"465,507","85,365","1,190","36,826",0,"326,307","5,326","10,493",,,2024-10-18(금),대구광역시,"465,427","81,126","1,130","43,216",0,"324,609","5,319","10,027"
,2024-10-05(토),대구광역시,"375,026","68,989",868,"25,755",0,"264,692","4,143","10,579",,,2024-10-19(토),대구광역시,"357,601","62,124",824,"26,354",0,"254,838","3,859","9,602"
,2024-10-06(일),대구광역시,"273,372","53,565",679,"19,888",0,"189,187","3,170","6,883",,,2024-10-20(일),대구광역시,"287,221","55,750",728,"22,445",0,"197,126","3,303","7,869"
,2024-10-07(월),대구광역시,"449,586","82,423","1,188","43,104",0,"308,283","5,296","9,292",,,2024-10-21(월),대구광역시,"449,009","84,129","1,147","40,966",0,"308,089","5,321","9,357"
,2024-10-08(화),대구광역시,"472,795","85,993","1,161","43,914",0,"326,531","5,391","9,805",,,2024-10-22(화),대구광역시,"426,982","72,806",980,"40,392",0,"298,984","4,894","8,926"
,2024-10-09(수),대구광역시,"314,335","64,582",819,"21,880",0,"214,397","3,784","8,873",,,2024-10-23(수),대구광역시,"456,982","83,718","1,141","42,228",0,"314,471","5,392","10,032"
,2024-10-10(목),대구광역시,"462,121","86,381","1,169","42,780",0,"317,190","5,382","9,219",,,2024-10-24(목),대구광역시,"457,833","83,995","1,131","41,711",0,"316,360","5,309","9,327"
,2024-10-11(금),대구광역시,"486,670","86,437","1,149","47,077",0,"335,753","5,539","10,715",,,2024-10-25(금),대구광역시,"494,776","87,116","1,246","43,941",0,"346,620","5,500","10,353"
,2024-10-12(토),대구광역시,"390,298","69,645",943,"28,923",0,"275,258","4,356","11,173",,,2024-10-26(토),대구광역시,"404,208","70,440",912,"28,401",0,"288,603","4,294","11,558"
,2024-10-13(일),대구광역시,"299,280","56,018",721,"22,271",0,"208,917","3,425","7,928",,,2024-10-27(일),대구광역시,"275,268","52,224",664,"20,577",0,"191,487","3,255","7,061"
,2024-10-14(월),대구광역시,"444,131","81,302","1,120","41,125",0,"306,320","5,058","9,206",,,2024-10-28(월),대구광역시,"440,230","80,652","1,106","40,555",0,"303,833","5,099","8,985"
28,2024-10-01(화),인천광역시,"490,664","55,582",833,"7,683","2,017","386,108","10,356","28,085",,,2024-10-29(화),대구광역시,"450,785","83,747","1,112","40,280",0,"311,494","5,328","8,824"
,2024-10-02(수),인천광역시,"752,380","72,790","1,278","7,590","1,981","594,454","14,790","59,497",,,2024-10-30(수),대구광역시,"456,264","82,768","1,094","41,985",0,"315,403","5,276","9,738"
,2024-10-03(목),인천광역시,"480,665","59,004",864,"8,602","1,843","371,328","10,367","28,657",,,2024-10-31(목),대구광역시,"459,899","83,233","1,098","41,053",0,"319,931","5,428","9,156"
,2024-10-04(금),인천광역시,"718,985","73,487","1,215","8,624","2,630","571,816","14,455","46,758",,28,2024-10-17(목),인천광역시,"741,076","74,240","1,248","6,249","2,073","585,918","14,811","56,537"
,2024-10-05(토),인천광역시,"575,216","65,123",952,"10,426","2,029","450,769","11,565","34,352",,,2024-10-18(금),인천광역시,"722,597","64,856","1,130","6,114","2,352","575,130","13,670","59,345"
,2024-10-06(일),인천광역시,"427,254","50,783",726,"7,241","1,219","331,683","9,316","26,286",,,2024-10-19(토),인천광역시,"581,942","66,238",964,"10,393","2,577","452,449","12,066","37,255"
,2024-10-07(월),인천광역시,"731,405","73,077","1,237","6,269","1,367","578,287","14,529","56,639",,,2024-10-20(일),인천광역시,"450,518","54,805",761,"7,493","1,727","345,714","9,913","30,105"
,2024-10-08(화),인천광역시,"759,835","74,596","1,276","7,103","1,550","600,548","15,034","59,728",,,2024-10-21(월),인천광역시,"727,198","73,344","1,246","5,855","1,752","574,269","14,650","56,082"
,2024-10-09(수),인천광역시,"478,705","61,587",859,"9,117","1,274","367,183","10,555","28,130",,,2024-10-22(화),인천광역시,"703,469","64,612","1,129","5,735","1,854","560,125","13,431","56,583"
,2024-10-10(목),인천광역시,"745,790","73,763","1,236","6,400","2,194","588,936","14,698","58,563",,,2024-10-23(수),인천광역시,"733,708","71,595","1,238","6,589","1,801","581,250","14,622","56,613"
,2024-10-11(금),인천광역시,"775,278","74,822","1,241","7,313","2,877","610,348","15,167","63,510",,,2024-10-24(목),인천광역시,"741,011","73,956","1,264","6,134","2,281","586,217","14,594","56,565"
,2024-10-12(토),인천광역시,"589,598","67,548",960,"10,743","2,826","460,290","12,310","34,921",,,2024-10-25(금),인천광역시,"777,739","77,469","1,355","6,858","2,411","610,789","15,256","63,601"
,2024-10-13(일),인천광역시,"443,658","53,996",769,"7,060","1,743","342,480","9,886","27,724",,,2024-10-26(토),인천광역시,"600,243","67,857",968,"10,862","2,390","464,260","12,419","41,487"
,2024-10-14(월),인천광역시,"725,057","71,681","1,251","6,129","1,831","573,137","14,382","56,646",,,2024-10-27(일),인천광역시,"453,326","55,342",757,"7,340","1,875","348,534","9,862","29,616"
29,2024-10-01(화),광주광역시,"117,364","4,201",457,"1,828",0,"98,912",210,"11,756",,,2024-10-28(월),인천광역시,"728,767","74,079","1,266","5,781","1,720","576,698","14,577","54,646"
,2024-10-02(수),광주광역시,"209,072","7,910",835,"2,573",0,"169,238",379,"28,137",,,2024-10-29(화),인천광역시,"729,571","73,279","1,195","5,973","1,621","577,961","14,626","54,916"
,2024-10-03(목),광주광역시,"111,279","4,155",460,"1,737",0,"93,134",224,"11,569",,,2024-10-30(수),인천광역시,"742,382","74,410","1,232","6,446","1,716","587,125","14,958","56,495"
,2024-10-04(금),광주광역시,"199,876","7,360",840,"2,693",0,"164,324",371,"24,288",,,2024-10-31(목),인천광역시,"745,308","73,934","1,239","5,985","1,992","591,747","14,749","55,662"
,2024-10-05(토),광주광역시,"148,174","5,318",600,"2,691",0,"124,950",278,"14,337",,29,2024-10-17(목),광주광역시,"196,199","7,444",805,"2,183",0,"160,196",379,"25,192"
,2024-10-06(일),광주광역시,"103,828","3,371",404,"1,509",0,"87,837",178,"10,529",,,2024-10-18(금),광주광역시,"199,838","7,499",802,"2,362",0,"161,390",369,"27,416"
,2024-10-07(월),광주광역시,"193,779","7,495",826,"2,217",0,"156,427",353,"26,461",,,2024-10-19(토),광주광역시,"147,484","5,016",597,"2,358",0,"121,279",256,"17,978"
,2024-10-08(화),광주광역시,"203,983","7,879",829,"2,344",0,"163,967",353,"28,611",,,2024-10-20(일),광주광역시,"116,469","3,856",515,"1,772",0,"95,231",219,"14,876"
,2024-10-09(수),광주광역시,"122,118","4,390",547,"2,057",0,"101,187",174,"13,763",,,2024-10-21(월),광주광역시,"192,613","7,244",763,"2,140",0,"157,059",363,"25,044"
,2024-10-10(목),광주광역시,"195,154","7,563",790,"2,182",0,"158,006",376,"26,237",,,2024-10-22(화),광주광역시,"186,401","6,903",754,"2,070",0,"151,939",356,"24,379"
,2024-10-11(금),광주광역시,"203,074","7,761",814,"2,423",0,"162,993",338,"28,745",,,2024-10-23(수),광주광역시,"199,230","7,552",785,"2,327",0,"161,736",372,"26,458"
,2024-10-12(토),광주광역시,"146,748","4,993",572,"2,289",0,"121,849",238,"16,807",,,2024-10-24(목),광주광역시,"194,223","7,262",809,"2,093",0,"159,596",347,"24,116"
,2024-10-13(일),광주광역시,"109,390","3,741",448,"1,463",0,"90,479",191,"13,068",,,2024-10-25(금),광주광역시,"204,989","7,555",803,"2,314",0,"167,125",364,"26,828"
,2024-10-14(월),광주광역시,"187,345","7,079",744,"2,023",0,"152,479",335,"24,685",,,2024-10-26(토),광주광역시,"148,489","5,139",587,"2,434",0,"122,522",245,"17,562"
30,2024-10-01(화),대전광역시,"160,020","26,980",310,"2,221",0,"117,131",757,"12,621",,,2024-10-27(일),광주광역시,"105,729","3,467",457,"1,349",0,"87,685",168,"12,603"
,2024-10-02(수),대전광역시,"259,817","39,771",494,"2,324",0,"188,885","1,185","27,158",,,2024-10-28(월),광주광역시,"198,283","7,465",795,"2,088",0,"162,297",375,"25,263"
,2024-10-03(목),대전광역시,"153,321","26,045",343,"2,229",0,"110,746",659,"13,299",,,2024-10-29(화),광주광역시,"194,377","7,279",764,"2,119",0,"159,171",344,"24,700"
,2024-10-04(금),대전광역시,"254,222","41,018",544,"2,589",0,"186,529","1,238","22,304",,,2024-10-30(수),광주광역시,"197,180","7,478",737,"2,220",0,"159,517",357,"26,871"
,2024-10-05(토),대전광역시,"190,199","31,696",381,"2,689",0,"139,514",831,"15,088",,,2024-10-31(목),광주광역시,"196,516","7,316",799,"2,098",0,"161,035",324,"24,944"
,2024-10-06(일),대전광역시,"145,251","23,011",300,"1,795",0,"106,876",669,"12,600",,30,2024-10-17(목),대전광역시,"246,754","40,009",512,"1,951",0,"179,777","1,206","23,299"
,2024-10-07(월),대전광역시,"241,576","39,840",499,"1,975",0,"175,146","1,220","22,896",,,2024-10-18(금),대전광역시,"251,839","37,815",466,"1,899",0,"185,065","1,191","25,403"
,2024-10-08(화),대전광역시,"256,677","40,592",532,"2,103",0,"187,634","1,194","24,622",,,2024-10-19(토),대전광역시,"189,763","30,339",374,"2,631",0,"138,512",882,"17,025"
,2024-10-09(수),대전광역시,"164,628","30,429",359,"2,528",0,"116,811",759,"13,742",,,2024-10-20(일),대전광역시,"154,419","24,591",315,"2,161",0,"111,935",708,"14,709"
,2024-10-10(목),대전광역시,"247,431","40,055",518,"1,919",0,"179,830","1,169","23,940",,,2024-10-21(월),대전광역시,"240,986","40,682",513,"1,857",0,"173,769","1,213","22,952"
,2024-10-11(금),대전광역시,"269,528","41,165",505,"2,428",0,"195,456","1,270","28,704",,,2024-10-22(화),대전광역시,"234,130","35,034",474,"1,821",0,"172,188","1,114","23,499"
,2024-10-12(토),대전광역시,"204,821","32,449",383,"3,042",0,"151,200",926,"16,821",,,2024-10-23(수),대전광역시,"245,034","39,471",495,"2,050",0,"179,000","1,180","22,838"
,2024-10-13(일),대전광역시,"154,104","25,666",330,"2,065",0,"111,670",718,"13,655",,,2024-10-24(목),대전광역시,"249,340","40,661",473,"1,892",0,"182,157","1,237","22,920"
,2024-10-14(월),대전광역시,"236,991","38,603",460,"1,856",0,"172,340","1,158","22,574",,,2024-10-25(금),대전광역시,"267,474","42,144",543,"2,164",0,"196,043","1,283","25,297"
31,2024-10-01(화),울산광역시,"90,240","1,011",224,"2,359",2,"77,907",99,"8,638",,,2024-10-26(토),대전광역시,"199,793","31,802",384,"2,896",0,"146,688",884,"17,139"
,2024-10-02(수),울산광역시,"131,578",948,304,"2,350",3,"109,816",107,"18,050",,,2024-10-27(일),대전광역시,"154,211","24,245",285,"2,149",0,"112,455",719,"14,358"
,2024-10-03(목),울산광역시,"74,622","1,144",175,"1,852",4,"63,804",92,"7,551",,,2024-10-28(월),대전광역시,"242,457","40,024",461,"1,836",0,"176,165","1,184","22,787"
,2024-10-04(금),울산광역시,"122,372","1,011",295,"2,269",0,"105,341",130,"13,326",,,2024-10-29(화),대전광역시,"244,783","40,750",487,"1,870",0,"178,016","1,231","22,429"
,2024-10-05(토),울산광역시,"96,907","1,122",233,"2,387",10,"83,393",116,"9,646",,,2024-10-30(수),대전광역시,"247,274","39,399",472,"2,062",0,"181,166","1,198","22,977"
,2024-10-06(일),울산광역시,"72,072",972,171,"1,676",5,"61,140",89,"8,019",,,2024-10-31(목),대전광역시,"249,853","39,316",487,"1,909",0,"184,220","1,236","22,685"
,2024-10-07(월),울산광역시,"120,736",878,276,"1,930",2,"101,748",88,"15,814",,31,2024-10-17(목),울산광역시,"127,569","1,009",298,"2,125",3,"107,684",119,"16,331"
,2024-10-08(화),울산광역시,"129,397","1,211",332,"2,166",0,"108,675",141,"16,872",,,2024-10-18(금),울산광역시,"128,558","1,118",308,"2,103",1,"106,759",119,"18,150"
,2024-10-09(수),울산광역시,"84,271","1,238",208,"2,443",3,"71,726",124,"8,529",,,2024-10-19(토),울산광역시,"91,213","1,157",195,"2,235",4,"77,289",111,"10,222"
,2024-10-10(목),울산광역시,"136,465",985,336,"2,214",0,"116,204",117,"16,609",,,2024-10-20(일),울산광역시,"78,704","1,022",190,"1,894",2,"65,750",107,"9,739"
,2024-10-11(금),울산광역시,"137,609","1,088",314,"2,329",2,"114,941",112,"18,823",,,2024-10-21(월),울산광역시,"123,791",934,289,"2,058",6,"104,251",103,"16,150"
,2024-10-12(토),울산광역시,"103,298","1,221",237,"2,706",9,"88,274",117,"10,734",,,2024-10-22(화),울산광역시,"112,845",700,244,"1,873",1,"94,132",82,"15,813"
,2024-10-13(일),울산광역시,"83,190","1,525",211,"2,275",12,"69,475",121,"9,571",,,2024-10-23(수),울산광역시,"128,449","1,209",318,"2,298",2,"107,734",142,"16,746"
,2024-10-14(월),울산광역시,"121,133",953,265,"2,019",3,"101,864",107,"15,922",,,2024-10-24(목),울산광역시,"127,032",994,313,"2,129",7,"107,142",119,"16,328"
36,2024-10-01(화),세종특별자치시,"22,332",67,46,694,0,"18,756",22,"2,747",,,2024-10-25(금),울산광역시,"139,342","1,113",350,"2,374",2,"116,893",120,"18,490"
,2024-10-02(수),세종특별자치시,"40,902",95,57,644,0,"35,059",28,"5,019",,,2024-10-26(토),울산광역시,"104,882","1,268",220,"2,843",7,"87,968",122,"12,454"
,2024-10-03(목),세종특별자치시,"21,358",57,32,629,0,"17,487",14,"3,139",,,2024-10-27(일),울산광역시,"76,252","1,160",176,"1,854",11,"63,351",113,"9,587"
,2024-10-04(금),세종특별자치시,"39,035",104,66,739,0,"33,497",26,"4,603",,,2024-10-28(월),울산광역시,"120,841","1,210",273,"2,008",5,"101,403",148,"15,794"
,2024-10-05(토),세종특별자치시,"25,531",77,39,691,0,"21,476",18,"3,230",,,2024-10-29(화),울산광역시,"124,435","1,061",316,"2,116",5,"105,178",111,"15,648"
,2024-10-06(일),세종특별자치시,"20,196",65,39,549,0,"16,698",15,"2,830",,,2024-10-30(수),울산광역시,"128,416","1,015",296,"2,282",4,"108,719",134,"15,966"
,2024-10-07(월),세종특별자치시,"37,649",96,60,616,0,"32,552",24,"4,301",,,2024-10-31(목),울산광역시,"126,427","1,032",297,"2,132",3,"107,127",124,"15,712"
,2024-10-08(화),세종특별자치시,"41,014",94,67,624,0,"35,587",24,"4,618",,36,2024-10-17(목),세종특별자치시,"39,349",92,62,597,0,"34,312",26,"4,260"
,2024-10-09(수),세종특별자치시,"25,961",83,45,"1,030",0,"21,101",19,"3,683",,,2024-10-18(금),세종특별자치시,"41,066",99,69,627,0,"35,407",29,"4,835"
,2024-10-10(목),세종특별자치시,"39,450",92,71,620,0,"34,061",30,"4,576",,,2024-10-19(토),세종특별자치시,"27,415",88,43,802,0,"22,713",14,"3,755"
,2024-10-11(금),세종특별자치시,"44,630",118,74,717,0,"37,719",23,"5,979",,,2024-10-20(일),세종특별자치시,"21,338",77,28,668,0,"17,330",17,"3,218"
,2024-10-12(토),세종특별자치시,"31,550",91,42,"1,071",0,"25,605",15,"4,726",,,2024-10-21(월),세종특별자치시,"38,594",86,63,614,0,"33,284",30,"4,517"
,2024-10-13(일),세종특별자치시,"21,926",71,25,647,0,"17,976",17,"3,190",,,2024-10-22(화),세종특별자치시,"38,999",87,54,578,0,"33,472",19,"4,789"
,2024-10-14(월),세종특별자치시,"39,516",96,73,585,0,"34,048",28,"4,686",,,2024-10-23(수),세종특별자치시,"39,440",97,61,680,0,"34,094",28,"4,480"
41,2024-10-01(화),경기도,"1,779,896","205,486","3,095","29,833",346,"1,383,960","28,597","128,579",,,2024-10-24(목),세종특별자치시,"39,425",103,70,602,0,"34,326",29,"4,295"
,2024-10-02(수),경기도,"2,884,831","290,885","4,556","28,411",371,"2,277,878","42,861","239,869",,,2024-10-25(금),세종특별자치시,"42,872",126,77,634,0,"36,987",36,"5,012"
,2024-10-03(목),경기도,"1,773,110","220,670","3,059","34,878",494,"1,354,195","29,889","129,925",,,2024-10-26(토),세종특별자치시,"29,016",76,35,801,0,"23,879",16,"4,209"
,2024-10-04(금),경기도,"2,740,389","296,882","4,625","31,982",509,"2,171,754","42,690","191,947",,,2024-10-27(일),세종특별자치시,"21,752",77,33,670,0,"17,664",11,"3,297"
,2024-10-05(토),경기도,"2,208,807","247,687","3,571","40,021",651,"1,725,229","34,805","156,843",,,2024-10-28(월),세종특별자치시,"38,578",106,52,618,0,"33,540",24,"4,238"
,2024-10-06(일),경기도,"1,586,704","186,920","2,607","24,013",522,"1,228,947","26,414","117,281",,,2024-10-29(화),세종특별자치시,"39,859",87,63,636,0,"34,870",21,"4,182"
,2024-10-07(월),경기도,"2,799,625","291,156","4,665","24,439",382,"2,212,930","42,529","223,524",,,2024-10-30(수),세종특별자치시,"40,037",105,61,667,0,"34,872",25,"4,307"
,2024-10-08(화),경기도,"2,930,093","297,267","4,781","27,398",318,"2,318,283","43,057","238,989",,,2024-10-31(목),세종특별자치시,"40,447",85,76,587,0,"35,491",25,"4,183"
,2024-10-09(수),경기도,"1,777,540","233,101","3,231","34,567",365,"1,349,868","30,856","125,552",,41,2024-10-17(목),경기도,"2,840,475","293,927","4,605","25,343",555,"2,249,888","42,676","223,481"
,2024-10-10(목),경기도,"2,842,869","294,575","4,624","25,204",403,"2,249,156","42,875","226,032",,,2024-10-18(금),경기도,"2,794,659","263,732","4,175","24,409",543,"2,219,805","39,524","242,471"
,2024-10-11(금),경기도,"2,963,334","299,477","4,806","28,792",488,"2,327,498","43,927","258,346",,,2024-10-19(토),경기도,"2,191,634","251,922","3,553","37,365",711,"1,704,309","35,131","158,643"
,2024-10-12(토),경기도,"2,239,349","253,587","3,607","40,315",682,"1,749,655","35,368","156,135",,,2024-10-20(일),경기도,"1,693,563","204,399","2,815","26,694",614,"1,300,136","28,787","130,118"
,2024-10-13(일),경기도,"1,685,525","201,072","2,751","27,645",745,"1,296,937","28,294","128,081",,,2024-10-21(월),경기도,"2,787,580","291,047","4,645","23,616",447,"2,204,252","42,248","221,325"
,2024-10-14(월),경기도,"2,778,394","288,683","4,566","23,778",428,"2,197,217","41,743","221,979",,,2024-10-22(화),경기도,"2,707,717","256,090","4,151","23,109",398,"2,159,958","37,622","226,389"
43,2024-10-01(화),충청북도,"66,585",85,142,863,0,"58,354",59,"7,082",,,2024-10-23(수),경기도,"2,814,961","286,894","4,523","25,332",509,"2,227,844","41,949","227,910"
,2024-10-02(수),충청북도,"108,513",92,223,"1,004",0,"89,987",93,"17,114",,,2024-10-24(목),경기도,"2,836,706","294,802","4,713","24,098",518,"2,249,226","42,826","220,523"
,2024-10-03(목),충청북도,"61,404",72,146,798,0,"53,871",48,"6,469",,,2024-10-25(금),경기도,"2,959,885","307,083","4,830","27,341",615,"2,332,759","44,241","243,016"
,2024-10-04(금),충청북도,"104,228",121,246,898,0,"90,608",125,"12,230",,,2024-10-26(토),경기도,"2,265,179","257,214","3,630","40,305",744,"1,760,693","35,826","166,767"
,2024-10-05(토),충청북도,"78,480",97,168,900,0,"69,733",84,"7,498",,,2024-10-27(일),경기도,"1,712,100","207,931","2,821","26,911",594,"1,312,151","29,103","132,589"
,2024-10-06(일),충청북도,"60,895",70,119,666,0,"53,770",58,"6,212",,,2024-10-28(월),경기도,"2,782,667","292,986","4,654","23,330",435,"2,203,875","42,114","215,273"
,2024-10-07(월),충청북도,"105,072",114,226,980,0,"87,513",96,"16,143",,,2024-10-29(화),경기도,"2,809,229","296,367","4,640","23,813",395,"2,228,407","42,345","213,262"
,2024-10-08(화),충청북도,"108,552",107,248,"1,012",0,"90,104",98,"16,983",,,2024-10-30(수),경기도,"2,838,720","295,702","4,617","25,428",482,"2,246,875","42,828","222,788"
,2024-10-09(수),충청북도,"65,575",81,152,994,0,"57,501",53,"6,794",,,2024-10-31(목),경기도,"2,838,069","290,834","4,664","23,955",546,"2,261,429","42,404","214,237"
,2024-10-10(목),충청북도,"106,694",97,219,944,0,"88,756",110,"16,568",,43,2024-10-17(목),충청북도,"105,023",106,228,952,0,"87,345",96,"16,296"
,2024-10-11(금),충청북도,"114,889",112,243,"1,022",0,"95,301",107,"18,104",,,2024-10-18(금),충청북도,"104,895",85,247,941,0,"86,751",110,"16,761"
,2024-10-12(토),충청북도,"79,992",103,150,957,0,"70,787",94,"7,901",,,2024-10-19(토),충청북도,"75,526",97,148,909,0,"66,574",104,"7,694"
,2024-10-13(일),충청북도,"63,806",79,129,779,0,"55,782",70,"6,967",,,2024-10-20(일),충청북도,"66,064",66,126,731,0,"58,046",66,"7,029"
,2024-10-14(월),충청북도,"103,421",97,236,933,0,"85,871",106,"16,178",,,2024-10-21(월),충청북도,"104,469",96,221,926,0,"86,904",101,"16,221"
44,2024-10-01(화),충청남도,"121,462","17,010",621,"2,120",13,"82,036","4,539","15,123",,,2024-10-22(화),충청북도,"98,448",99,233,901,0,"81,402",95,"15,718"
,2024-10-02(수),충청남도,"198,027","26,847",875,"2,874",14,"123,973","7,220","36,224",,,2024-10-23(수),충청북도,"103,510",102,232,976,0,"85,725",111,"16,364"
,2024-10-03(목),충청남도,"118,284","16,023",554,"2,367",9,"80,216","4,295","14,820",,,2024-10-24(목),충청북도,"105,444",91,210,932,0,"87,660",109,"16,442"
,2024-10-04(금),충청남도,"182,510","28,775",939,"2,616",11,"120,259","7,177","22,733",,,2024-10-25(금),충청북도,"114,559",114,260,982,0,"95,306",116,"17,781"
,2024-10-05(토),충청남도,"146,190","19,204",616,"2,619",30,"101,844","5,189","16,688",,,2024-10-26(토),충청북도,"80,800",94,149,"1,016",0,"70,608",83,"8,850"
,2024-10-06(일),충청남도,"114,426","12,734",488,"1,642",23,"82,442","3,691","13,406",,,2024-10-27(일),충청북도,"62,915",62,107,651,0,"55,150",66,"6,879"
,2024-10-07(월),충청남도,"184,344","27,880",864,"2,621",6,"113,193","7,177","32,603",,,2024-10-28(월),충청북도,"105,840",128,222,964,0,"88,389",101,"16,036"
,2024-10-08(화),충청남도,"191,796","27,021",880,"2,693",4,"119,647","7,175","34,376",,,2024-10-29(화),충청북도,"103,920",100,241,924,0,"86,478",99,"16,078"
,2024-10-09(수),충청남도,"119,700","17,438",579,"2,464",2,"79,272","4,591","15,354",,,2024-10-30(수),충청북도,"106,066",94,248,993,0,"87,759",94,"16,878"
,2024-10-10(목),충청남도,"186,362","27,208",886,"2,655",4,"114,963","7,133","33,513",,,2024-10-31(목),충청북도,"106,299",110,221,878,0,"88,738",107,"16,245"
,2024-10-11(금),충청남도,"202,803","32,025",963,"2,777",14,"122,499","7,339","37,186",,44,2024-10-17(목),충청남도,"183,730","26,425",901,"2,540",14,"114,004","6,936","32,910"
,2024-10-12(토),충청남도,"148,924","20,011",655,"2,712",16,"102,777","5,242","17,511",,,2024-10-18(금),충청남도,"176,350","23,223",784,"2,304",12,"110,898","6,695","32,434"
,2024-10-13(일),충청남도,"119,401","13,312",505,"1,860",9,"85,120","3,841","14,754",,,2024-10-19(토),충청남도,"144,004","19,877",637,"2,637",11,"98,589","5,258","16,995"
,2024-10-14(월),충청남도,"179,174","27,995",833,"2,433",11,"108,668","6,946","32,288",,,2024-10-20(일),충청남도,"120,672","13,415",497,"2,021",21,"85,513","4,049","15,156"
46,2024-10-01(화),전라남도,"76,172",449,304,"2,271",0,"56,855",41,"16,252",,,2024-10-21(월),충청남도,"181,936","27,263",890,"2,554",7,"111,708","7,308","32,206"
,2024-10-02(수),전라남도,"121,351",739,402,"2,994",0,"85,742",74,"31,400",,,2024-10-22(화),충청남도,"170,286","23,701",872,"2,368",7,"105,118","6,563","31,657"
,2024-10-03(목),전라남도,"67,168",405,240,"1,904",0,"49,888",52,"14,679",,,2024-10-23(수),충청남도,"179,496","25,717",837,"2,639",9,"110,798","7,085","32,411"
,2024-10-04(금),전라남도,"113,379",756,409,"2,698",0,"85,785",85,"23,646",,,2024-10-24(목),충청남도,"186,246","26,170",874,"2,530",11,"117,324","7,008","32,329"
,2024-10-05(토),전라남도,"85,375",428,332,"2,272",0,"65,360",53,"16,930",,,2024-10-25(금),충청남도,"198,634","27,875",898,"2,657",6,"124,774","7,356","35,068"
,2024-10-06(일),전라남도,"60,069",171,199,"1,571",0,"44,752",38,"13,338",,,2024-10-26(토),충청남도,"152,220","19,509",695,"2,841",10,"105,503","5,185","18,477"
,2024-10-07(월),전라남도,"116,259",721,424,"2,983",0,"81,970",79,"30,082",,,2024-10-27(일),충청남도,"121,262","13,217",459,"1,790",36,"86,747","3,945","15,068"
,2024-10-08(화),전라남도,"122,176",820,411,"3,125",0,"84,779",88,"32,953",,,2024-10-28(월),충청남도,"184,376","29,106",922,"2,455",11,"112,539","7,298","32,045"
,2024-10-09(수),전라남도,"75,930",324,302,"2,435",0,"56,994",47,"15,828",,,2024-10-29(화),충청남도,"179,530","26,763",873,"2,425",10,"111,134","6,958","31,367"
,2024-10-10(목),전라남도,"119,400",746,419,"3,099",0,"83,611",71,"31,454",,,2024-10-30(수),충청남도,"179,624","24,778",895,"2,582",6,"112,281","6,894","32,188"
,2024-10-11(금),전라남도,"127,754",831,461,"3,235",0,"88,282",101,"34,844",,,2024-10-31(목),충청남도,"186,823","25,733",876,"2,448",10,"119,130","6,927","31,699"
,2024-10-12(토),전라남도,"90,833",484,328,"2,573",0,"68,773",52,"18,623",,46,2024-10-17(목),전라남도,"117,017",657,426,"2,930",0,"83,717",74,"29,213"
,2024-10-13(일),전라남도,"68,174",255,232,"1,914",0,"49,782",42,"15,949",,,2024-10-18(금),전라남도,"113,895",790,387,"2,732",0,"79,608",86,"30,292"
,2024-10-14(월),전라남도,"113,972",801,401,"2,845",0,"81,008",64,"28,853",,,2024-10-19(토),전라남도,"86,514",429,325,"2,404",0,"64,597",49,"18,710"
47,2024-10-01(화),경상북도,"112,113","5,566",214,"5,350",0,"91,004",150,"9,829",,,2024-10-20(일),전라남도,"67,548",210,233,"1,955",0,"48,633",31,"16,486"
,2024-10-02(수),경상북도,"173,867","8,813",327,"9,481",0,"132,966",220,"22,060",,,2024-10-21(월),전라남도,"115,343",684,416,"2,949",0,"81,585",76,"29,633"
,2024-10-03(목),경상북도,"100,291","5,410",194,"4,819",0,"80,621",132,"9,115",,,2024-10-22(화),전라남도,"108,970",601,367,"2,860",0,"76,550",77,"28,515"
,2024-10-04(금),경상북도,"162,801","8,380",310,"7,511",0,"131,506",204,"14,890",,,2024-10-23(수),전라남도,"115,308",809,409,"3,132",0,"81,376",78,"29,504"
,2024-10-05(토),경상북도,"127,208","6,365",247,"5,542",0,"103,726",174,"11,154",,,2024-10-24(목),전라남도,"115,964",609,409,"2,940",0,"82,990",70,"28,946"
,2024-10-06(일),경상북도,"93,597","4,127",156,"4,169",0,"75,838",140,"9,167",,,2024-10-25(금),전라남도,"121,954",645,445,"2,963",0,"86,562",82,"31,257"
,2024-10-07(월),경상북도,"158,754","8,514",285,"8,687",0,"122,781",225,"18,262",,,2024-10-26(토),전라남도,"90,129",489,346,"2,434",0,"67,120",69,"19,671"
,2024-10-08(화),경상북도,"164,578","8,082",279,"9,348",0,"126,380",211,"20,278",,,2024-10-27(일),전라남도,"63,751",217,226,"1,675",0,"46,624",39,"14,970"
,2024-10-09(수),경상북도,"105,451","5,446",203,"5,071",0,"84,213",140,"10,378",,,2024-10-28(월),전라남도,"116,206",904,449,"2,930",0,"82,554",95,"29,274"
,2024-10-10(목),경상북도,"164,132","8,306",273,"9,248",0,"127,344",213,"18,748",,,2024-10-29(화),전라남도,"115,516",747,425,"2,869",0,"82,111",79,"29,285"
,2024-10-11(금),경상북도,"175,001","8,279",310,"10,183",0,"133,006",230,"22,993",,,2024-10-30(수),전라남도,"116,029",778,437,"3,079",0,"81,736",73,"29,926"
,2024-10-12(토),경상북도,"133,569","7,346",243,"5,908",0,"106,434",152,"13,486",,,2024-10-31(목),전라남도,"115,113",636,420,"2,878",0,"81,857",85,"29,237"
,2024-10-13(일),경상북도,"99,100","4,502",155,"4,731",0,"79,432",136,"10,144",,47,2024-10-17(목),경상북도,"162,201","8,782",309,"8,594",0,"125,786",229,"18,501"
,2024-10-14(월),경상북도,"153,884","8,249",281,"8,515",0,"119,282",196,"17,361",,,2024-10-18(금),경상북도,"162,599","7,716",306,"8,681",0,"125,639",220,"20,037"
48,2024-10-01(화),경상남도,"188,388","3,079",439,"4,178",0,"157,065",382,"23,245",,,2024-10-19(토),경상북도,"112,199","5,482",189,"5,295",0,"89,774",175,"11,284"
,2024-10-02(수),경상남도,"284,633","3,607",643,"4,436",0,"228,305",541,"47,101",,,2024-10-20(일),경상북도,"96,577","4,293",191,"4,698",0,"76,740",152,"10,503"
,2024-10-03(목),경상남도,"161,917","2,692",354,"3,226",0,"135,173",335,"20,137",,,2024-10-21(월),경상북도,"156,038","8,039",282,"8,390",0,"121,195",212,"17,920"
,2024-10-04(금),경상남도,"274,947","4,068",644,"4,121",0,"228,086",544,"37,484",,,2024-10-22(화),경상북도,"144,640","6,887",266,"8,268",0,"111,635",195,"17,389"
,2024-10-05(토),경상남도,"218,985","3,375",469,"4,419",0,"184,150",465,"26,107",,,2024-10-23(수),경상북도,"156,953","8,025",291,"8,465",0,"122,185",206,"17,781"
,2024-10-06(일),경상남도,"148,308","2,501",316,"2,501",0,"124,356",320,"18,314",,,2024-10-24(목),경상북도,"160,114","8,248",292,"8,509",0,"124,683",212,"18,170"
,2024-10-07(월),경상남도,"268,858","3,491",638,"3,920",0,"214,453",487,"45,869",,,2024-10-25(금),경상북도,"175,161","8,342",322,"9,281",0,"136,197",239,"20,780"
,2024-10-08(화),경상남도,"287,996","4,014",695,"4,212",0,"231,071",544,"47,460",,,2024-10-26(토),경상북도,"132,805","6,103",217,"5,989",0,"107,066",180,"13,250"
,2024-10-09(수),경상남도,"178,174","3,004",447,"4,090",0,"147,739",441,"22,453",,,2024-10-27(일),경상북도,"99,301","5,224",151,"4,390",0,"79,386",139,"10,011"
,2024-10-10(목),경상남도,"279,799","3,741",656,"4,142",0,"224,419",567,"46,274",,,2024-10-28(월),경상북도,"153,803","8,105",279,"8,220",0,"119,699",217,"17,283"
,2024-10-11(금),경상남도,"295,513","3,929",698,"4,337",0,"235,536",557,"50,456",,,2024-10-29(화),경상북도,"155,839","7,935",290,"8,244",0,"121,699",209,"17,462"
,2024-10-12(토),경상남도,"224,077","3,337",537,"4,486",0,"187,789",438,"27,490",,,2024-10-30(수),경상북도,"157,397","7,779",288,"8,564",0,"123,009",222,"17,535"
,2024-10-13(일),경상남도,"161,276","2,862",370,"2,948",0,"134,197",352,"20,547",,,2024-10-31(목),경상북도,"160,250","7,977",263,"8,518",0,"125,458",220,"17,814"
,2024-10-14(월),경상남도,"268,156","3,593",665,"3,874",0,"214,944",537,"44,543",,48,2024-10-17(목),경상남도,"278,821","3,746",674,"3,959",0,"225,337",548,"44,557"
50,2024-10-01(화),제주특별자치도,"59,657","12,577",161,"1,282",0,"36,419","2,182","7,036",,,2024-10-18(금),경상남도,"270,679","3,600",641,"3,641",0,"217,345",541,"44,911"
,2024-10-02(수),제주특별자치도,"91,431","17,712",268,"2,279",0,"51,301","3,490","16,381",,,2024-10-19(토),경상남도,"202,856","3,050",460,"3,919",0,"168,943",444,"26,040"
,2024-10-03(목),제주특별자치도,"57,192","11,460",163,"1,278",0,"34,952","2,057","7,282",,,2024-10-20(일),경상남도,"168,797","2,602",370,"3,569",0,"138,599",366,"23,291"
,2024-10-04(금),제주특별자치도,"83,453","18,176",265,"1,760",0,"48,288","3,355","11,609",,,2024-10-21(월),경상남도,"266,549","3,644",653,"3,891",0,"214,267",523,"43,571"
,2024-10-05(토),제주특별자치도,"66,340","14,035",197,"1,479",0,"39,869","2,483","8,277",,,2024-10-22(화),경상남도,"244,252","2,756",534,"3,533",0,"195,230",427,"41,772"
,2024-10-06(일),제주특별자치도,"54,937","10,650",179,"1,094",0,"34,576","1,881","6,557",,,2024-10-23(수),경상남도,"273,753","3,975",651,"4,064",0,"220,823",575,"43,665"
,2024-10-07(월),제주특별자치도,"88,427","18,324",261,"2,073",0,"48,964","3,427","15,378",,,2024-10-24(목),경상남도,"272,440","3,751",629,"4,186",0,"220,601",550,"42,723"
,2024-10-08(화),제주특별자치도,"90,970","17,846",261,"2,253",0,"51,324","3,456","15,830",,,2024-10-25(금),경상남도,"288,474","3,913",692,"4,152",0,"232,797",567,"46,353"
,2024-10-09(수),제주특별자치도,"55,561","11,554",182,"1,114",0,"34,016","1,918","6,777",,,2024-10-26(토),경상남도,"225,202","3,491",535,"4,665",0,"188,408",489,"27,614"
,2024-10-10(목),제주특별자치도,"89,119","17,956",261,"2,106",0,"49,688","3,389","15,719",,,2024-10-27(일),경상남도,"155,442","2,619",379,"2,820",0,"129,684",365,"19,575"
,2024-10-11(금),제주특별자치도,"91,158","17,502",280,"2,176",0,"50,768","3,439","16,993",,,2024-10-28(월),경상남도,"268,066","3,819",663,"3,772",0,"215,296",564,"43,952"
,2024-10-12(토),제주특별자치도,"67,798","14,135",189,"1,414",0,"40,736","2,500","8,824",,,2024-10-29(화),경상남도,"269,695","3,840",631,"3,824",0,"217,675",549,"43,176"
,2024-10-13(일),제주특별자치도,"58,035","10,929",201,"1,162",0,"36,318","1,973","7,452",,,2024-10-30(수),경상남도,"276,144","3,819",681,"4,184",0,"221,287",552,"45,621"
,2024-10-14(월),제주특별자치도,"87,341","17,977",266,"2,100",0,"47,756","3,318","15,924",,,2024-10-31(목),경상남도,"273,130","3,588",660,"3,850",0,"220,512",558,"43,962"
51,2024-10-01(화),강원특별자치도,"59,064","1,464",126,870,28,"51,109",291,"5,176",,50,2024-10-17(목),제주특별자치도,"86,390","17,141",259,"2,162",0,"47,941","3,297","15,590"
,2024-10-02(수),강원특별자치도,"98,216","1,609",189,"1,238",49,"79,508",378,"15,245",,,2024-10-18(금),제주특별자치도,"85,521","17,087",234,"2,139",0,"46,598","3,371","16,092"
,2024-10-03(목),강원특별자치도,"58,260","1,484",128,886,35,"50,213",299,"5,215",,,2024-10-19(토),제주특별자치도,"66,712","13,682",200,"1,525",0,"38,891","2,454","9,960"
,2024-10-04(금),강원특별자치도,"93,882","1,698",191,"1,164",33,"79,081",394,"11,321",,,2024-10-20(일),제주특별자치도,"54,343","10,210",142,"1,105",0,"33,214","1,841","7,831"
,2024-10-05(토),강원특별자치도,"69,079","1,602",140,"1,018",34,"59,274",319,"6,692",,,2024-10-21(월),제주특별자치도,"84,295","17,244",278,"2,056",0,"46,069","3,371","15,277"
,2024-10-06(일),강원특별자치도,"52,737","1,359",105,665,34,"44,752",243,"5,579",,,2024-10-22(화),제주특별자치도,"83,471","17,273",254,"2,045",0,"46,007","3,299","14,593"
,2024-10-07(월),강원특별자치도,"92,950","1,646",200,"1,201",30,"75,784",368,"13,721",,,2024-10-23(수),제주특별자치도,"85,227","16,666",250,"2,226",0,"47,293","3,284","15,508"
,2024-10-08(화),강원특별자치도,"88,409","1,602",183,"1,200",4,"71,215",379,"13,826",,,2024-10-24(목),제주특별자치도,"85,552","16,691",255,"2,113",0,"48,181","3,232","15,080"
,2024-10-09(수),강원특별자치도,"58,244","1,702",125,892,4,"49,417",307,"5,797",,,2024-10-25(금),제주특별자치도,"87,917","17,280",255,"2,120",0,"48,933","3,392","15,937"
,2024-10-10(목),강원특별자치도,"92,414","1,661",187,"1,188",16,"75,121",357,"13,884",,,2024-10-26(토),제주특별자치도,"66,177","13,495",182,"1,428",0,"39,485","2,317","9,270"
,2024-10-11(금),강원특별자치도,"97,164","1,481",172,"1,258",9,"78,701",383,"15,160",,,2024-10-27(일),제주특별자치도,"50,799","9,510",138,895,0,"31,613","1,633","7,010"
,2024-10-12(토),강원특별자치도,"70,632","1,505",139,894,1,"60,928",345,"6,820",,,2024-10-28(월),제주특별자치도,"86,081","18,189",257,"2,080",0,"46,566","3,356","15,633"
,2024-10-13(일),강원특별자치도,"54,313","1,468",97,741,23,"45,951",295,"5,738",,,2024-10-29(화),제주특별자치도,"85,548","17,384",255,"2,103",0,"47,153","3,306","15,347"
,2024-10-14(월),강원특별자치도,"90,057","1,472",176,"1,151",18,"73,383",325,"13,532",,,2024-10-30(수),제주특별자치도,"85,414","16,446",263,"2,164",0,"47,453","3,331","15,757"
52,2024-10-01(화),전북특별자치도,"67,404",0,204,926,0,"59,267",33,"6,974",,,2024-10-31(목),제주특별자치도,"84,836","16,254",243,"2,088",0,"47,618","3,259","15,374"
,2024-10-02(수),전북특별자치도,"117,696",0,313,"1,149",0,"98,764",50,"17,420",,51,2024-10-17(목),강원특별자치도,"93,098","1,572",186,"1,165",11,"76,332",378,"13,454"
,2024-10-03(목),전북특별자치도,"62,641",1,175,817,0,"54,708",38,"6,902",,,2024-10-18(금),강원특별자치도,"86,614","1,417",184,"1,043",8,"70,441",364,"13,157"
,2024-10-04(금),전북특별자치도,"113,614",2,318,"1,093",0,"98,030",66,"14,105",,,2024-10-19(토),강원특별자치도,"59,246","1,386",111,785,12,"50,662",296,"5,994"
,2024-10-05(토),전북특별자치도,"79,220",0,229,993,0,"69,747",38,"8,213",,,2024-10-20(일),강원특별자치도,"53,867","1,432",108,746,21,"45,677",270,"5,613"
,2024-10-06(일),전북특별자치도,"56,272",0,155,651,0,"49,237",34,"6,195",,,2024-10-21(월),강원특별자치도,"90,493","1,531",194,"1,132",22,"73,896",368,"13,350"
,2024-10-07(월),전북특별자치도,"112,754",1,344,"1,049",0,"95,291",48,"16,021",,,2024-10-22(화),강원특별자치도,"79,816","1,258",173,"1,018",6,"64,868",318,"12,175"
,2024-10-08(화),전북특별자치도,"118,590",0,340,"1,024",0,"99,553",48,"17,625",,,2024-10-23(수),강원특별자치도,"86,580","1,519",189,"1,241",5,"70,153",305,"13,168"
,2024-10-09(수),전북특별자치도,"68,886",1,204,992,0,"60,509",37,"7,143",,,2024-10-24(목),강원특별자치도,"91,415","1,619",189,"1,174",27,"75,046",382,"12,978"
,2024-10-10(목),전북특별자치도,"115,354",0,332,"1,023",0,"97,513",58,"16,428",,,2024-10-25(금),강원특별자치도,"99,008","1,906",203,"1,160",20,"81,491",390,"13,838"
,2024-10-11(금),전북특별자치도,"121,567",1,322,"1,050",0,"101,316",44,"18,834",,,2024-10-26(토),강원특별자치도,"74,272","1,773",150,"1,014",36,"63,557",352,"7,390"
,2024-10-12(토),전북특별자치도,"80,843",0,220,"1,002",0,"70,642",38,"8,941",,,2024-10-27(일),강원특별자치도,"62,337","1,579",125,737,9,"53,745",346,"5,796"
,2024-10-13(일),전북특별자치도,"59,868",0,161,680,0,"51,976",40,"7,011",,,2024-10-28(월),강원특별자치도,"88,245","1,740",195,"1,086",12,"71,636",344,"13,232"
,2024-10-14(월),전북특별자치도,"110,233",1,300,899,0,"93,620",44,"15,369",,,2024-10-29(화),강원특별자치도,"89,146","1,847",195,"1,141",18,"72,716",352,"12,877"
,,,,,,,,,,,,,2024-10-30(수),강원특별자치도,"90,120","1,906",197,"1,228",13,"72,920",362,"13,494"
,,,,,,,,,,,,,2024-10-31(목),강원특별자치도,"91,566","1,828",192,"1,146",37,"74,737",359,"13,267"
,,,,,,,,,,,,52,2024-10-17(목),전북특별자치도,"112,482",1,311,"1,011",0,"95,679",46,"15,434"
,,,,,,,,,,,,,2024-10-18(금),전북특별자치도,"111,849",0,311,940,0,"94,204",44,"16,350"
,,,,,,,,,,,,,2024-10-19(토),전북특별자치도,"79,024",0,203,968,0,"68,682",39,"9,132"
,,,,,,,,,,,,,2024-10-20(일),전북특별자치도,"61,446",0,152,716,0,"52,969",28,"7,581"
,,,,,,,,,,,,,2024-10-21(월),전북특별자치도,"111,814",1,326,953,0,"94,819",48,"15,667"
,,,,,,,,,,,,,2024-10-22(화),전북특별자치도,"106,312",0,283,901,0,"89,845",40,"15,243"
,,,,,,,,,,,,,2024-10-23(수),전북특별자치도,"111,183",0,317,"1,050",0,"94,503",43,"15,270"
,,,,,,,,,,,,,2024-10-24(목),전북특별자치도,"114,391",1,300,938,0,"97,984",48,"15,120"
,,,,,,,,,,,,,2024-10-25(금),전북특별자치도,"118,201",1,322,974,0,"100,277",64,"16,563"
,,,,,,,,,,,,,2024-10-26(토),전북특별자치도,"84,994",1,223,"1,193",0,"73,755",36,"9,786"
,,,,,,,,,,,,,2024-10-27(일),전북특별자치도,"58,611",0,149,620,0,"50,466",31,"7,345"
,,,,,,,,,,,,,2024-10-28(월),전북특별자치도,"112,632",0,326,939,0,"96,209",54,"15,104"
,,,,,,,,,,,,,2024-10-29(화),전북특별자치도,"111,784",1,301,950,0,"95,363",46,"15,123"
,,,,,,,,,,,,,2024-10-30(수),전북특별자치도,"111,157",0,300,989,0,"94,642",45,"15,181"
,,,,,,,,,,,,,2024-10-31(목),전북특별자치도,"112,170",0,308,963,0,"95,891",59,"14,949"